<?xml version="1.0" encoding="UTF-8"?>
<!--
  ~ Copyright (c) 2010. Stephen Connolly.
  ~  
  ~ This library is free software; you can redistribute it and/or
  ~ modify it under the terms of the GNU Lesser General Public
  ~ License as published by the Free Software Foundation; either
  ~ version 2.1 of the License, or (at your option) any later version.
  ~  
  ~ This library is distributed in the hope that it will be useful,
  ~ but WITHOUT ANY WARRANTY; without even the implied warranty of
  ~ MERCHANTABILITY or FITNESS FOR A PARTICULAR PURPOSE.  See the GNU
  ~ Lesser General Public License for more details.
  ~  
  ~ You should have received a copy of the GNU Lesser General Public
  ~ License along with this library; if not, write to the Free Software
  ~ Foundation, Inc., 51 Franklin St, Fifth Floor, Boston, MA  02110-1301  USA
  -->

<component-set>
    <components>
        <component>
            <role>org.apache.maven.lifecycle.mapping.LifecycleMapping</role>
            <role-hint>iso</role-hint>
            <implementation>org.apache.maven.lifecycle.mapping.DefaultLifecycleMapping</implementation>
            <configuration>
                <phases>
                    <process-resources>org.apache.maven.plugins:maven-resources-plugin:resources</process-resources>
                    <package>com.github.stephenc.java-iso-tools:iso9660-maven-plugin:iso</package>
                    <install>org.apache.maven.plugins:maven-install-plugin:install</install>
                    <deploy>org.apache.maven.plugins:maven-deploy-plugin:deploy</deploy>
                </phases>
            </configuration>
        </component>
        <component>
            <role>org.codehaus.plexus.archiver.Archiver</role>
            <role-hint>iso</role-hint>
            <implementation>com.github.stephenc.javaisotools.maven.Iso9660Archiver</implementation>
            <configuration>
                <type>iso</type>
                <extension>iso</extension>
            </configuration>
            <instantiation-strategy>per-lookup</instantiation-strategy>
        </component>
    </components>
</component-set>
